GivenName,Surname,MiddleInitial,EmailAddress,Username,Password,Title,Department
Michelle,Richardson,C,MichelleCRichardson@superrito.com,Faidelper66,eeVohj1iem4,Civil service clerk,Sales
Tracy,Wachter,J,TracyJWachter@einrot.com,Upost1968,Thoo6uthahTh,Publicity expert,Sales
Joaquin,Falk,V,JoaquinVFalk@rhyta.com,Whiseldiver1951,zooYeicef1,Museum technician,Sales
Tony,Hatchett,L,TonyLHatchett@teleworm.us,Opate1990,Aegha6as,Short-order cook,Sales
Muriel,Lewis,J,MurielJLewis@dayrep.com,Sibille1940,Wiefi8ieg1u,Animal scientist,Sales
Jason,Long,C,JasonCLong@fleckens.hu,Giceins,Va8ohzef1ei,Manufacturers,Sales
Raymond,Shriver,R,RaymondRShriver@dayrep.com,Moafflurs73,vibeiKu5,Operating engineer,Sales
Nick,Crooks,M,NickMCrooks@teleworm.us,Weread,aeF9do6baip,Data coder operator,Sales
Felica,Castellanos,M,FelicaMCastellanos@dayrep.com,Theing,Tie1di5e,Process metallurgical engineer,Sales
Vincent,Guerin,K,VincentKGuerin@superrito.com,Nathat,Ook9si1yi,Fast-food cook,Sales
Lamar,Jones,D,LamarDJones@gustr.com,Donew1974,WeiNg0eefah,Educational consultant,Sales
Alma,Sadler,B,AlmaBSadler@rhyta.com,Iletelaid,es1eoLeec6j,Management scientist,Sales
Katrina,Regina,C,KatrinaCRegina@armyspy.com,Grocke,Didu7iequot,Nail care technician,Sales
James,Saunders,M,JamesMSaunders@superrito.com,Embefors00,AiD1Pho4x,Clinical laboratory technologist,Sales
Ernest,Robertson,C,ErnestCRobertson@gustr.com,Thapterefor,ceeku0Iuph,Self enrichment teacher,IT
Tami,Miles,W,TamiWMiles@jourrapide.com,Sifeenchall,caiQu8ath,Service station attendant,IT
Christina,Gabor,T,ChristinaTGabor@gustr.com,Counly1983,phumaeQu2e,Industrial production manager,IT
Christopher,Dickey,M,ChristopherMDickey@gustr.com,Beley1938,Koh2thaithai,Sportscaster,IT
Joanne,Smith,A,JoanneASmith@teleworm.us,Faillims1956,Teeng8Ohzee,Photogrammetrist,IT
James,Little,C,JamesCLittle@teleworm.us,Twordor,wuhu1Yai5yah,Administrative lead,IT
Russell,Martin,K,RussellKMartin@einrot.com,Trailtoo,eiTohz2Aj4,Political geographer,IT
Patricia,Back,J,PatriciaJBack@cuvox.de,Bervicad,bee3Iebee3v,Sewage treatment plant operator,IT
Raymond,Lively,K,RaymondKLively@superrito.com,Alwass,Yaenu2me,Metal-refining furnace operator,IT
Donald,Trujillo,V,DonaldVTrujillo@rhyta.com,Flove1982,aiM6nohrac,Community outreach worker,IT
Jan,Arruda,K,JanKArruda@einrot.com,Loon1997,Obavee0Ee,Manpower development advisor,IT
Jeffrey,Egbert,C,JeffreyCEgbert@jourrapide.com,Chattent,Apie6iexa,County court judge,IT
Kelly,Constant,R,KellyRConstant@rhyta.com,Togeres1960,Zocuk8Quei,Ophthalmologic sonographer,IT
Blaine,Ransom,J,BlaineJRansom@cuvox.de,Lacul1975,EeJahkui9,Bill and account collector,IT
Leah,McDaniel,L,LeahLMcDaniel@cuvox.de,Fintich,sheewa5Cee,Secretarial assistant,IT
Ruth,Obrien,M,RuthMObrien@dayrep.com,Disce1951,ohoaba6Ae,Labor relations director,IT
Richard,Dominguez,J,RichardJDominguez@armyspy.com,Leoper,ighooB1Oh,Electronic reporter,Marketing
Mae,Pickett,N,MaeNPickett@rhyta.com,Casim1985,Boch9uZuhe9,Keying machine operator,Marketing
Jennie,Miller,S,JennieSMiller@einrot.com,Govaland,mieTee6ahgh,Manager,Marketing
Darla,McIntosh,W,DarlaWMcIntosh@teleworm.us,Wastoponcen,Iegh3IeGhoce,Brattice builder,Marketing
Leroy,Scott,S,LeroySScott@armyspy.com,Tiaralouse,Ohbie3oor8,Microchip processor,Marketing
Roslyn,Perales,P,RoslynPPerales@cuvox.de,Alcon1991,Hoo2ce9ough,Product development manager,Marketing
John,Cilley,B,JohnBCilley@gustr.com,Exectim74,yivi1Hiu0,Office machine operator,Marketing
Cindy,Bullock,D,CindyDBullock@einrot.com,Fitte1937,Oosoo0quah,Window clerk,Marketing
Wesley,Carbaugh,T,WesleyTCarbaugh@cuvox.de,Wook1991,wiLuoshei6,Managing editor,Marketing
Elliot,Wilson,C,ElliotCWilson@dayrep.com,Haterand,Au9ishog6,Forest fire prevention specialist,Marketing
Myrna,Carillo,R,MyrnaRCarillo@superrito.com,Younly,AD2ufoGhoh8s,Financial clerk,Marketing
Carolyn,Moore,R,CarolynRMoore@jourrapide.com,Somee1993,Ufei9phee,"Heating, air-conditioning, and refrigeration installer",Marketing
Elena,Saucier,C,ElenaCSaucier@gustr.com,Fladdre,ieYienua5p,Construction and building inspector,Marketing
Jennifer,Bennett,M,JenniferMBennett@einrot.com,Hicivy,Uephee6shequ,Forest and conservation worker,Marketing
Richard,Wallace,D,RichardDWallace@gustr.com,Witiceir1938,que4Xoash,Water transportation master,Administration
Howard,Hancock,C,HowardCHancock@fleckens.hu,Eappy1973,Asai5pio6Sh,Safety technician,Administration
Vicki,Addison,F,VickiFAddison@dayrep.com,Fracks,aepeeThu0ae,Employee welfare manager,Administration
Helen,Santos,R,HelenRSantos@jourrapide.com,Prolker,jiechet2Ba8,Business support assistant,Administration
Wesley,Wilson,R,WesleyRWilson@einrot.com,Ithirld,phe9YeeGh,Social science research assistant,Administration
Chantel,Dewall,C,ChantelCDewall@armyspy.com,Ound2003,Pae8jaed7x,News camera operator,Administration
Edith,Barton,R,EdithRBarton@cuvox.de,Scier1974,Ahkein5y,University faculty,Facilities
Penny,Barber,A,PennyABarber@dayrep.com,Hames1998,coh1Ohsh5,Field technician,Facilities
David,Negrete,H,DavidHNegrete@gustr.com,Nursucher,woh7na8Ath,Knitting machine operator,Facilities
Linda,Dillon,M,LindaMDillon@fleckens.hu,Welove,EwodieRei8oh,Administrative assistant for human resource,Facilities
Richard,Parker,C,RichardCParker@dayrep.com,Grible,Be6em1pho0,Management information systems director,Facilities
Gregory,Rivera,M,GregoryMRivera@cuvox.de,Evenever,ofi9PhaB,Conductor,Facilities
Margie,Eversole,J,MargieJEversole@einrot.com,Sady1964,phei4aeYoo,Business management consultant,Facilities
Kent,Mellott,C,KentCMellott@gustr.com,Goake1992,AiQueep9,Greenskeeper,Facilities
Alice,Gomes,M,AliceMGomes@superrito.com,Havell,Thah9Bou,Osteopathic surgeon,Facilities
Lewis,Schneider,J,LewisJSchneider@teleworm.us,Upplasol,Hu3lae3ai,Department head,Facilities
Allen,Greene,T,AllenTGreene@armyspy.com,Drememp,be0OoT1qu,Histology technician,Facilities
Roberto,Lavery,L,RobertoLLavery@gustr.com,Froff1980,waethahf6Ph,Floral designer,Facilities
Mary,Smith,A,MaryASmith@dayrep.com,Andeas,Lugh9nooph,Organic chemist,Facilities
Steven,Slone,C,StevenCSlone@dayrep.com,Baccustelic55,Xam2apoo1h,Bonus clerk,Facilities
Cedric,Castagna,H,CedricHCastagna@cuvox.de,Crichown,aiw7quohPh,Electrophysiologist,Facilities
Pamela,Chen,M,PamelaMChen@gustr.com,Werseree,gaedei8Aibae,Camp counselor,Facilities
Debra,Crow,C,DebraCCrow@rhyta.com,Thereces,aikohSain4O,Babysitter,Facilities
Peter,Bodenhamer,S,PeterSBodenhamer@cuvox.de,Beftelf,AhNohd2or,Costume designer,Facilities
Mark,Gonzalez,B,MarkBGonzalez@fleckens.hu,Shich2000,Shuyai6foi,Personnel consultant,Facilities
Ellis,Nelson,T,EllisTNelson@gustr.com,Wittife1989,EedaeK9Ain,Commercial lender,Facilities
Marcus,Beck,S,MarcusSBeck@teleworm.us,Enut2000,eerieXai5,Airline flight engineer,Accounting
David,Hickok,J,DavidJHickok@superrito.com,Crove1947,gie9oiW6,Demographic economist,Accounting
Cassandra,Hacker,W,CassandraWHacker@cuvox.de,Getumer,QuojohH4voh,Mail machine operator,Accounting
Donna,Fitzgerald,R,DonnaRFitzgerald@gustr.com,Theirch,chifoohahB3Qu,Electronic publishing specialist,Accounting
Rhonda,Tran,R,RhondaRTran@fleckens.hu,Hicupok,EeH9AeQu9fu,Office and administrative support worker manager,Accounting
Robert,Schneider,E,RobertESchneider@teleworm.us,Casigh,ahL9gee5s,Biophysicist,Accounting
Gregory,Hille,C,GregoryCHille@cuvox.de,Therair,aiG9eip0th,Optical goods worker,Accounting
Charles,Elrod,C,CharlesCElrod@fleckens.hu,Freardly,ohmoPhow6Ae,Brazing worker,Accounting
Bryon,Gregory,D,BryonDGregory@cuvox.de,Ondritted,see0foo0Yu,Animal care and service worker,HR
Anthony,Mimms,V,AnthonyVMimms@teleworm.us,Hileace91,ieG9ugh8I,Admissions director,HR
Karla,Tillman,R,KarlaRTillman@gustr.com,Thichis,AezaiGoD4k,Library clerk,HR
Bruce,Baez,T,BruceTBaez@fleckens.hu,Scir1961,Zoo8ieze,Computer software engineer,HR
Tom,Wharton,R,TomRWharton@fleckens.hu,Thelant,Ahm9wo7oox,"Textile, apparel, and furnishings occupation",HR
Paul,Litchfield,J,PaulJLitchfield@jourrapide.com,Fatinvand,aiz3DooL3oo,Geologist,HR
Fred,Killingsworth,M,FredMKillingsworth@armyspy.com,Hatemselithe,aiphahY6FuS,Airfield operations specialist,HR
Melissa,Rappaport,T,MelissaTRappaport@superrito.com,Alettere90,chies0oH,Occupational therapist assistant,HR
Nicholas,Mosley,A,NicholasAMosley@fleckens.hu,Rionce,cuoN7ee3gad,Professional athlete,HR
Hortencia,Miller,J,HortenciaJMiller@armyspy.com,Crid2003,ug3Phah1Ieth,PBX repairer,HR
Etta,Slaughter,D,EttaDSlaughter@rhyta.com,Papprible1971,meihae7Ogh,Manpower development manager,HR
Wayne,Coulson,J,WayneJCoulson@armyspy.com,Dishoursenot,ooqu1juuCh,Gemologist,Engineering
Brandon,Latimore,L,BrandonLLatimore@dayrep.com,Whypeor,mu7aquiX,Aerobics instructor,Engineering
Mary,Green,G,MaryGGreen@einrot.com,Wholds,eodooPeidi0f,Gynecology nurse,Engineering
Felisa,Hill,M,FelisaMHill@fleckens.hu,Jimed1980,rai4ahbaeF1,Billing clerk,Engineering
Leif,Burton,C,LeifCBurton@superrito.com,Roppin,Rie0jawae,Food cooking machine tender,Engineering
Theresa,Lindsay,A,TheresaALindsay@einrot.com,Eptich,ieB8cahneZ,Plumbing inspector,Engineering
Tanya,Casillas,J,TanyaJCasillas@einrot.com,Exectim70,ohf9AiHi,Sound mixer,Engineering
Julio,Garcia,T,JulioTGarcia@dayrep.com,Wayinshound,ec9iel6iL3,Industrial machinery mechanic,Engineering
Karen,Mai,J,KarenJMai@armyspy.com,Thake1951,aeSh9Zua,Camp director,Engineering
Marissa,Bradley,M,MarissaMBradley@einrot.com,Magere,yuo6Giexoif,Staffing consultant,Engineering
Marcela,Curtis,R,MarcelaRCurtis@jourrapide.com,Plardwitted,tee3iDeda,Medical doctor,Engineering
